{
  "build": {
    "beforeDevCommand": "npm run dev",
    "beforeBuildCommand": "npm run build",
    "devPath": "http://localhost:5173",
    "distDir": "../dist"
  },
  "package": {
    "productName": "TaskPad",
    "version": "1.3.8"
  },
  "tauri": {
    "allowlist": {
      "all": false,
      "shell": {
        "open": true
      }
    },
    "bundle": {
      "active": true,
      "targets": "all",
      "identifier": "com.taskpad.app",
      "icon": [
        "icons/32x32.png",
        "icons/128x128.png",
        "icons/128x128@2x.png",
        "icons/icon.icns",
        "icons/icon.ico"
      ]
    },
    "security": {
      "csp": "default-src 'self' https://taskpad-phi.vercel.app https://*.firebaseio.com https://*.googleapis.com https://*.google.com; script-src 'self' 'unsafe-inline' 'unsafe-eval' https://taskpad-phi.vercel.app; style-src 'self' 'unsafe-inline' https://fonts.googleapis.com https://taskpad-phi.vercel.app; font-src https://fonts.gstatic.com; img-src 'self' data: https: http:; connect-src 'self' https: wss:"
    },
    "windows": [
      {
        "fullscreen": false,
        "resizable": true,
        "title": "TaskPad",
        "url": "https://taskpad-phi.vercel.app",
        "width": 780,
        "height": 780,
        "minWidth": 480,
        "minHeight": 500,
        "decorations": true,
        "transparent": false,
        "center": true
      }
    ]
  }
}
